﻿ID,NAME,TYPE,PROVINCE,LATITUDE,LONGITUDE
42T,"Environment Agency Section 14, Surat Thani",Air Quality Monitoring Station,Surat Thani,9.126055,99.325148
43T,Municipal Health Center,Air Quality Monitoring Station,Phuket,7.884491,98.391281
44T,Hat Yai Municipality,Air Quality Monitoring Station,Songkhla,7.020436,100.484056
62T,"City Hall, Narathiwat",Air Quality Monitoring Station,Narathiwat,6.426923,101.823427
63T,White Elephant Park,Air Quality Monitoring Station,Yala,6.546218,101.283088
80T,"City Hall, Satun",Air Quality Monitoring Station,Satun,6.624716,100.066152
52,Songkhla Weather Observing Station,Weather Station,Songkhla,7.184167,100.604194
63,Satun Weather Observing Station,Weather Station,Satun,6.653611,100.083111
68,Phuket Airport Weather Observing Station,Weather Station,Phuket,8.104444,98.307778
87,Narathiwat Weather Station,Weather Station,Narathiwat,6.416667,101.816694
86,Yala Agrometeorlogical Station,Weather Station,Yala,6.516667,101.283306
88,Kanjanadit Kanjanadit Agrometeorlogical Station,Weather Station,Surat Thani,9.183333,99.733333
