﻿ID,NAME,TYPE,PROVINCE,LATITUDE,LONGITUDE
IND101,Stasiun Kualitas Udara Pangkalan Bun,Air Quality Monitoring Station,Central Kalimantan,-2.709068,111.643328
IND102,Stasiun Kualitas Udara Banjarbaru,Air Quality Monitoring Station,South Kalimantan,-3.461021997,114.8407623
IND201,Stasiun Kualitas Udara Pekanbaru,Air Quality Monitoring Station,Riau (West Sumatra),0.459127351,101.4477197
IND301,Stasiun Kualitas Udara Kemayoran,Air Quality Monitoring Station,Central Jakarta,-6.15595,106.841589
IND202,Stasiun Kualitas Udara Kampar,Air Quality Monitoring Station,Riau (West Sumatra),0.407673,101.216876
96645,Stasiun Meteorologi Iskandar Kotawaringin Barat,Weather Station,Central Kalimantan,-2.704619229,111.6697576
96687,Stasiun Klimatologi Banjarbaru,Weather Station,South Kalimantan,-3.461559175,114.8408521
96109,Stasiun Meteorologi Sultan Syarif Kasim II,Weather Station,Riau (West Sumatra),0.45924,101.44743
96745,Stasiun Meteorologi Kemayoran,Weather Station,Central Jakarta,-6.15559,106.84
96107,Stasiun Klimatologi Kampar,Weather Station,Riau (West Sumatra),0.407314,101.2173792
