﻿ID,NAME,TYPE,DISTRICT,LATITUDE,LONGITUDE
101B,Anggerek Air Quality Monitoring Station,Air Quality Monitoring Station,Brunei-Muara,4.93333,114.93333
201B,Bukit Bendera Air Quality Monitoring Station,Air Quality Monitoring Station,Tutong,4.810257,114.660166
302B,Mumong Air Quality Monitoring Station,Air Quality Monitoring Station,Belait,4.575119,114.233096
401B,Taman Batang Duri Air Quality Monitoring Station,Air Quality Monitoring Station,Temburong,4.578603,115.121521
AWS1,Brunei International Airport,Weather Station,Brunei-Muara,4.939831,114.923664
AWS6,Sinaut Weather Station,Weather Station,Tutong,4.813889,114.740278
AWS9,Sungai Liang Weather Station,Weather Station,Belait,4.676944,114.489167
AWS12,Pekan Bangar Weather Station,Weather Station,Temburong,4.712222,115.068611
