﻿ID,NAME,TYPE,REGION,LATITUDE,LONGITUDE
1WS,West,Air Quality Monitoring Stations,"Lim Chu Kang, Choa Chu Kang, Bukit Panjang, Tuas, Jurong East, Jurong West, Jurong Industrial Estate, Bukit Batok, Hillview, West Coast, Clementi",1.35735,103.7
2ES,East,Air Quality Monitoring Stations,"Serangoon, Punggol, Hougang, Tampines, Pasir Ris, Loyang, Simei, Kallang, Katong, East Coast, Macpherson, Bedok, Pulau Ubin, Pulau Tekong",1.35735,103.94
3CS,Central,Air Quality Monitoring Stations,"Thomson, Marymount, Sin Ming, Ang Mo Kio, Bishan, Serangoon Gardens, MacRitchie, Toa Payoh",1.35735,103.82
4SS,South,Air Quality Monitoring Stations,"Holland, Queenstown, Bukit Merah, Telok Blangah, Pasir Panjang, Sentosa, Bukit Timah, Newton, Orchard, City, Marina South",1.29587,103.82
5NS,North,Air Quality Monitoring Stations,"Admirality, Kranji, Woodlands, Sembawang, Yishun, Yio Chu Kang, Seletar, Sengkang",1.41803,103.82
S104,Admiralty,Weather Station,North,1.44386667,103.7853833
S106,Pulau Ubin,Weather Station,East,1.4168,103.9673
S116,Pasir Panjang,Weather Station,South,1.28235,103.7545
S44,Jurong West,Weather Station,West,1.34523333,103.6833333
S109,Ang Mo Kio,Weather Station,Central,1.37926667,103.8500167
